﻿<?xml version="1.0" encoding="utf-8"?>
<PARAMDEF XmlVersion="1">
  <ParamType>COOL_TIME_PARAM_ST</ParamType>
  <DataVersion>1</DataVersion>
  <BigEndian>False</BigEndian>
  <Unicode>False</Unicode>
  <FormatVersion>104</FormatVersion>
  <Fields>
    <Field Def="f32 limitationTime_0">
      <EditFlags>None</EditFlags>
      <Minimum>0</Minimum>
      <Maximum>9999</Maximum>
      <Increment>900</Increment>
    </Field>
    <Field Def="f32 observationTime_0">
      <EditFlags>None</EditFlags>
      <Minimum>0</Minimum>
      <Maximum>9999</Maximum>
      <Increment>600</Increment>
      <SortID>1</SortID>
    </Field>
    <Field Def="f32 limitationTime_1">
      <EditFlags>None</EditFlags>
      <Minimum>0</Minimum>
      <Maximum>9999</Maximum>
      <Increment>600</Increment>
      <SortID>2</SortID>
    </Field>
    <Field Def="f32 observationTime_1">
      <EditFlags>None</EditFlags>
      <Minimum>0</Minimum>
      <Maximum>9999</Maximum>
      <Increment>450</Increment>
      <SortID>3</SortID>
    </Field>
    <Field Def="f32 limitationTime_2">
      <EditFlags>None</EditFlags>
      <Minimum>0</Minimum>
      <Maximum>9999</Maximum>
      <Increment>300</Increment>
      <SortID>4</SortID>
    </Field>
    <Field Def="f32 observationTime_2">
      <EditFlags>None</EditFlags>
      <Minimum>0</Minimum>
      <Maximum>9999</Maximum>
      <Increment>200</Increment>
      <SortID>5</SortID>
    </Field>
    <Field Def="f32 limitationTime_3">
      <EditFlags>None</EditFlags>
      <Minimum>0</Minimum>
      <Maximum>9999</Maximum>
      <Increment>0</Increment>
      <SortID>6</SortID>
    </Field>
    <Field Def="f32 observationTime_3">
      <EditFlags>None</EditFlags>
      <Minimum>0</Minimum>
      <Maximum>9999</Maximum>
      <Increment>0</Increment>
      <SortID>7</SortID>
    </Field>
  </Fields>
</PARAMDEF>