﻿<?xml version="1.0" encoding="utf-8"?>
<PARAMDEF XmlVersion="1">
  <ParamType>FACE_PARAM_ST</ParamType>
  <DataVersion>4</DataVersion>
  <BigEndian>False</BigEndian>
  <Unicode>True</Unicode>
  <FormatVersion>201</FormatVersion>
  <Fields>
    <Field Def="u8 facePartsId">
      <DisplayName>顔パーツID</DisplayName>
      <Description>顔パーツID</Description>
      <SortID>1</SortID>
    </Field>
    <Field Def="u8 skinColor_R = 128">
      <DisplayName>肌の色(Ｒ)</DisplayName>
      <Description>肌の色(Ｒ)</Description>
      <SortID>2</SortID>
    </Field>
    <Field Def="u8 skinColor_G = 128">
      <DisplayName>肌の色(Ｇ)</DisplayName>
      <Description>肌の色(Ｇ)</Description>
      <SortID>3</SortID>
    </Field>
    <Field Def="u8 skinColor_B = 128">
      <DisplayName>肌の色(Ｂ)</DisplayName>
      <Description>肌の色(Ｂ)</Description>
      <SortID>4</SortID>
    </Field>
    <Field Def="u8 hairPartsId">
      <DisplayName>髪パーツID</DisplayName>
      <Description>髪パーツID</Description>
      <SortID>5</SortID>
    </Field>
    <Field Def="u8 hairColor_R = 128">
      <DisplayName>髪の色(Ｒ)</DisplayName>
      <Description>髪の色(Ｒ)</Description>
      <SortID>6</SortID>
    </Field>
    <Field Def="u8 hairColor_G = 128">
      <DisplayName>髪の色(Ｇ)</DisplayName>
      <Description>髪の色(Ｇ)</Description>
      <SortID>7</SortID>
    </Field>
    <Field Def="u8 hairColor_B = 128">
      <DisplayName>髪の色(Ｂ)</DisplayName>
      <Description>髪の色(Ｂ)</Description>
      <SortID>8</SortID>
    </Field>
    <Field Def="u8 eyeLPartsId">
      <DisplayName>左目パーツID</DisplayName>
      <Description>左目パーツID</Description>
      <SortID>9</SortID>
    </Field>
    <Field Def="u8 eyeLColor_R = 128">
      <DisplayName>左目の色(Ｒ)</DisplayName>
      <Description>左目の色(Ｒ)</Description>
      <SortID>10</SortID>
    </Field>
    <Field Def="u8 eyeLColor_G = 128">
      <DisplayName>左目の色(Ｇ)</DisplayName>
      <Description>左目の色(Ｇ)</Description>
      <SortID>11</SortID>
    </Field>
    <Field Def="u8 eyeLColor_B = 128">
      <DisplayName>左目の色(Ｂ)</DisplayName>
      <Description>左目の色(Ｂ)</Description>
      <SortID>12</SortID>
    </Field>
    <Field Def="u8 eyeRPartsId">
      <DisplayName>右目パーツID</DisplayName>
      <Description>右目パーツID</Description>
      <SortID>13</SortID>
    </Field>
    <Field Def="u8 eyeRColor_R = 128">
      <DisplayName>右目の色(Ｒ)</DisplayName>
      <Description>右目の色(Ｒ)</Description>
      <SortID>14</SortID>
    </Field>
    <Field Def="u8 eyeRColor_G = 128">
      <DisplayName>右目の色(Ｇ)</DisplayName>
      <Description>右目の色(Ｇ)</Description>
      <SortID>15</SortID>
    </Field>
    <Field Def="u8 eyeRColor_B = 128">
      <DisplayName>右目の色(Ｂ)</DisplayName>
      <Description>右目の色(Ｂ)</Description>
      <SortID>16</SortID>
    </Field>
    <Field Def="u8 eyebrowPartsId">
      <DisplayName>眉パーツID</DisplayName>
      <Description>眉パーツID</Description>
      <SortID>17</SortID>
    </Field>
    <Field Def="u8 eyebrowColor_R = 128">
      <DisplayName>眉の色(Ｒ)</DisplayName>
      <Description>眉の色(Ｒ)</Description>
      <SortID>18</SortID>
    </Field>
    <Field Def="u8 eyebrowColor_G = 128">
      <DisplayName>眉の色(Ｇ)</DisplayName>
      <Description>眉の色(Ｇ)</Description>
      <SortID>19</SortID>
    </Field>
    <Field Def="u8 eyebrowColor_B = 128">
      <DisplayName>眉の色(Ｂ)</DisplayName>
      <Description>眉の色(Ｂ)</Description>
      <SortID>20</SortID>
    </Field>
    <Field Def="u8 eyelashPartsId">
      <DisplayName>まつげパーツID</DisplayName>
      <Description>まつげパーツID</Description>
      <SortID>21</SortID>
    </Field>
    <Field Def="u8 eyelashColor_R = 128">
      <DisplayName>まつげの色(Ｒ)</DisplayName>
      <Description>まつげの色(Ｒ)</Description>
      <SortID>22</SortID>
    </Field>
    <Field Def="u8 eyelashColor_G = 128">
      <DisplayName>まつげの色(Ｇ)</DisplayName>
      <Description>まつげの色(Ｇ)</Description>
      <SortID>23</SortID>
    </Field>
    <Field Def="u8 eyelashColor_B = 128">
      <DisplayName>まつげの色(Ｂ)</DisplayName>
      <Description>まつげの色(Ｂ)</Description>
      <SortID>24</SortID>
    </Field>
    <Field Def="u8 beardPartsId">
      <DisplayName>髭パーツID</DisplayName>
      <Description>髭パーツID</Description>
      <SortID>25</SortID>
    </Field>
    <Field Def="u8 beardColor_R = 128">
      <DisplayName>髭の色(Ｒ)</DisplayName>
      <Description>髭の色(Ｒ)</Description>
      <SortID>26</SortID>
    </Field>
    <Field Def="u8 beardColor_G = 128">
      <DisplayName>髭の色(Ｇ)</DisplayName>
      <Description>髭の色(Ｇ)</Description>
      <SortID>27</SortID>
    </Field>
    <Field Def="u8 beardColor_B = 128">
      <DisplayName>髭の色(Ｂ)</DisplayName>
      <Description>髭の色(Ｂ)</Description>
      <SortID>28</SortID>
    </Field>
    <Field Def="u8 accessoriesPartsId">
      <DisplayName>装飾パーツID</DisplayName>
      <Description>装飾パーツID</Description>
      <SortID>29</SortID>
    </Field>
    <Field Def="u8 accessoriesColor_R = 128">
      <DisplayName>装飾の色(Ｒ)</DisplayName>
      <Description>装飾の色(Ｒ)</Description>
      <SortID>30</SortID>
    </Field>
    <Field Def="u8 accessoriesColor_G = 128">
      <DisplayName>装飾の色(Ｇ)</DisplayName>
      <Description>装飾の色(Ｇ)</Description>
      <SortID>31</SortID>
    </Field>
    <Field Def="u8 accessoriesColor_B = 128">
      <DisplayName>装飾の色(Ｂ)</DisplayName>
      <Description>装飾の色(Ｂ)</Description>
      <SortID>32</SortID>
    </Field>
    <Field Def="u8 decalPartsId">
      <DisplayName>デカールパーツID</DisplayName>
      <Description>デカールパーツID</Description>
      <SortID>33</SortID>
    </Field>
    <Field Def="u8 decalColor_R = 128">
      <DisplayName>デカールの色(Ｒ)</DisplayName>
      <Description>デカールの色(Ｒ)</Description>
      <SortID>34</SortID>
    </Field>
    <Field Def="u8 decalColor_G = 128">
      <DisplayName>デカールの色(Ｇ)</DisplayName>
      <Description>デカールの色(Ｇ)</Description>
      <SortID>35</SortID>
    </Field>
    <Field Def="u8 decalColor_B = 128">
      <DisplayName>デカールの色(Ｂ)</DisplayName>
      <Description>デカールの色(Ｂ)</Description>
      <SortID>36</SortID>
    </Field>
    <Field Def="u8 decalPosX">
      <DisplayName>デカール位置(x)</DisplayName>
      <Description>デカール位置(x)</Description>
      <SortID>37</SortID>
    </Field>
    <Field Def="u8 decalPosY">
      <DisplayName>デカール位置(y)</DisplayName>
      <Description>デカール位置(y)</Description>
      <SortID>38</SortID>
    </Field>
    <Field Def="u8 decalAngle">
      <DisplayName>デカール角度</DisplayName>
      <Description>デカール角度</Description>
      <SortID>39</SortID>
    </Field>
    <Field Def="u8 decalScale">
      <DisplayName>デカールスケール</DisplayName>
      <Description>デカールスケール</Description>
      <SortID>40</SortID>
    </Field>
    <Field Def="u8 chrBodyScaleHead = 128">
      <DisplayName>キャラ体型頭部スケール</DisplayName>
      <Description>キャラ体型頭部スケール</Description>
      <SortID>41</SortID>
    </Field>
    <Field Def="u8 chrBodyScaleBreast = 128">
      <DisplayName>キャラ体型胸部スケール</DisplayName>
      <Description>キャラ体型胸部スケール</Description>
      <SortID>42</SortID>
    </Field>
    <Field Def="u8 chrBodyScaleAbdomen = 128">
      <DisplayName>キャラ体型腹部スケール</DisplayName>
      <Description>キャラ体型腹部スケール</Description>
      <SortID>43</SortID>
    </Field>
    <Field Def="u8 chrBodyScaleArm = 128">
      <DisplayName>キャラ体型腕部スケール</DisplayName>
      <Description>キャラ体型腕部スケール</Description>
      <SortID>44</SortID>
    </Field>
    <Field Def="u8 chrBodyScaleLeg = 128">
      <DisplayName>キャラ体型脚部スケール</DisplayName>
      <Description>キャラ体型脚部スケール</Description>
      <SortID>45</SortID>
    </Field>
    <Field Def="u8 age = 128">
      <DisplayName>年齢</DisplayName>
      <Description>年齢</Description>
      <SortID>46</SortID>
    </Field>
    <Field Def="u8 gender = 128">
      <DisplayName>性別</DisplayName>
      <Description>性別</Description>
      <SortID>47</SortID>
    </Field>
    <Field Def="u8 caricatureGeometry = 128">
      <DisplayName>誇張（モデル）</DisplayName>
      <Description>誇張（モデル）</Description>
      <SortID>48</SortID>
    </Field>
    <Field Def="u8 caricatureTexture = 128">
      <DisplayName>誇張（テクスチャ）</DisplayName>
      <Description>誇張（テクスチャ）</Description>
      <SortID>49</SortID>
    </Field>
    <Field Def="u8 faceGeoData00 = 128">
      <DisplayName>顔作成ジオメトリデータ00</DisplayName>
      <Description>顔作成ジオメトリデータ00</Description>
      <SortID>50</SortID>
    </Field>
    <Field Def="u8 faceGeoData01 = 128">
      <DisplayName>顔作成ジオメトリデータ01</DisplayName>
      <Description>顔作成ジオメトリデータ01</Description>
      <SortID>51</SortID>
    </Field>
    <Field Def="u8 faceGeoData02 = 128">
      <DisplayName>顔作成ジオメトリデータ02</DisplayName>
      <Description>顔作成ジオメトリデータ02</Description>
      <SortID>52</SortID>
    </Field>
    <Field Def="u8 faceGeoData03 = 128">
      <DisplayName>顔作成ジオメトリデータ03</DisplayName>
      <Description>顔作成ジオメトリデータ03</Description>
      <SortID>53</SortID>
    </Field>
    <Field Def="u8 faceGeoData04 = 128">
      <DisplayName>顔作成ジオメトリデータ04</DisplayName>
      <Description>顔作成ジオメトリデータ04</Description>
      <SortID>54</SortID>
    </Field>
    <Field Def="u8 faceGeoData05 = 128">
      <DisplayName>顔作成ジオメトリデータ05</DisplayName>
      <Description>顔作成ジオメトリデータ05</Description>
      <SortID>55</SortID>
    </Field>
    <Field Def="u8 faceGeoData06 = 128">
      <DisplayName>顔作成ジオメトリデータ06</DisplayName>
      <Description>顔作成ジオメトリデータ06</Description>
      <SortID>56</SortID>
    </Field>
    <Field Def="u8 faceGeoData07 = 128">
      <DisplayName>顔作成ジオメトリデータ07</DisplayName>
      <Description>顔作成ジオメトリデータ07</Description>
      <SortID>57</SortID>
    </Field>
    <Field Def="u8 faceGeoData08 = 128">
      <DisplayName>顔作成ジオメトリデータ08</DisplayName>
      <Description>顔作成ジオメトリデータ08</Description>
      <SortID>58</SortID>
    </Field>
    <Field Def="u8 faceGeoData09 = 128">
      <DisplayName>顔作成ジオメトリデータ09</DisplayName>
      <Description>顔作成ジオメトリデータ09</Description>
      <SortID>59</SortID>
    </Field>
    <Field Def="u8 faceGeoData10 = 128">
      <DisplayName>顔作成ジオメトリデータ10</DisplayName>
      <Description>顔作成ジオメトリデータ10</Description>
      <SortID>60</SortID>
    </Field>
    <Field Def="u8 faceGeoData11 = 128">
      <DisplayName>顔作成ジオメトリデータ11</DisplayName>
      <Description>顔作成ジオメトリデータ11</Description>
      <SortID>61</SortID>
    </Field>
    <Field Def="u8 faceGeoData12 = 128">
      <DisplayName>顔作成ジオメトリデータ12</DisplayName>
      <Description>顔作成ジオメトリデータ12</Description>
      <SortID>62</SortID>
    </Field>
    <Field Def="u8 faceGeoData13 = 128">
      <DisplayName>顔作成ジオメトリデータ13</DisplayName>
      <Description>顔作成ジオメトリデータ13</Description>
      <SortID>63</SortID>
    </Field>
    <Field Def="u8 faceGeoData14 = 128">
      <DisplayName>顔作成ジオメトリデータ14</DisplayName>
      <Description>顔作成ジオメトリデータ14</Description>
      <SortID>64</SortID>
    </Field>
    <Field Def="u8 faceGeoData15 = 128">
      <DisplayName>顔作成ジオメトリデータ15</DisplayName>
      <Description>顔作成ジオメトリデータ15</Description>
      <SortID>65</SortID>
    </Field>
    <Field Def="u8 faceGeoData16 = 128">
      <DisplayName>顔作成ジオメトリデータ16</DisplayName>
      <Description>顔作成ジオメトリデータ16</Description>
      <SortID>66</SortID>
    </Field>
    <Field Def="u8 faceGeoData17 = 128">
      <DisplayName>顔作成ジオメトリデータ17</DisplayName>
      <Description>顔作成ジオメトリデータ17</Description>
      <SortID>67</SortID>
    </Field>
    <Field Def="u8 faceGeoData18 = 128">
      <DisplayName>顔作成ジオメトリデータ18</DisplayName>
      <Description>顔作成ジオメトリデータ18</Description>
      <SortID>68</SortID>
    </Field>
    <Field Def="u8 faceGeoData19 = 128">
      <DisplayName>顔作成ジオメトリデータ19</DisplayName>
      <Description>顔作成ジオメトリデータ19</Description>
      <SortID>69</SortID>
    </Field>
    <Field Def="u8 faceGeoData20 = 128">
      <DisplayName>顔作成ジオメトリデータ20</DisplayName>
      <Description>顔作成ジオメトリデータ20</Description>
      <SortID>70</SortID>
    </Field>
    <Field Def="u8 faceGeoData21 = 128">
      <DisplayName>顔作成ジオメトリデータ21</DisplayName>
      <Description>顔作成ジオメトリデータ21</Description>
      <SortID>71</SortID>
    </Field>
    <Field Def="u8 faceGeoData22 = 128">
      <DisplayName>顔作成ジオメトリデータ22</DisplayName>
      <Description>顔作成ジオメトリデータ22</Description>
      <SortID>72</SortID>
    </Field>
    <Field Def="u8 faceGeoData23 = 128">
      <DisplayName>顔作成ジオメトリデータ23</DisplayName>
      <Description>顔作成ジオメトリデータ23</Description>
      <SortID>73</SortID>
    </Field>
    <Field Def="u8 faceGeoData24 = 128">
      <DisplayName>顔作成ジオメトリデータ24</DisplayName>
      <Description>顔作成ジオメトリデータ24</Description>
      <SortID>74</SortID>
    </Field>
    <Field Def="u8 faceGeoData25 = 128">
      <DisplayName>顔作成ジオメトリデータ25</DisplayName>
      <Description>顔作成ジオメトリデータ25</Description>
      <SortID>75</SortID>
    </Field>
    <Field Def="u8 faceGeoData26 = 128">
      <DisplayName>顔作成ジオメトリデータ26</DisplayName>
      <Description>顔作成ジオメトリデータ26</Description>
      <SortID>76</SortID>
    </Field>
    <Field Def="u8 faceGeoData27 = 128">
      <DisplayName>顔作成ジオメトリデータ27</DisplayName>
      <Description>顔作成ジオメトリデータ27</Description>
      <SortID>77</SortID>
    </Field>
    <Field Def="u8 faceGeoData28 = 128">
      <DisplayName>顔作成ジオメトリデータ28</DisplayName>
      <Description>顔作成ジオメトリデータ28</Description>
      <SortID>78</SortID>
    </Field>
    <Field Def="u8 faceGeoData29 = 128">
      <DisplayName>顔作成ジオメトリデータ29</DisplayName>
      <Description>顔作成ジオメトリデータ29</Description>
      <SortID>79</SortID>
    </Field>
    <Field Def="u8 faceGeoData30 = 128">
      <DisplayName>顔作成ジオメトリデータ30</DisplayName>
      <Description>顔作成ジオメトリデータ30</Description>
      <SortID>80</SortID>
    </Field>
    <Field Def="u8 faceGeoData31 = 128">
      <DisplayName>顔作成ジオメトリデータ31</DisplayName>
      <Description>顔作成ジオメトリデータ31</Description>
      <SortID>81</SortID>
    </Field>
    <Field Def="u8 faceGeoData32 = 128">
      <DisplayName>顔作成ジオメトリデータ32</DisplayName>
      <Description>顔作成ジオメトリデータ32</Description>
      <SortID>82</SortID>
    </Field>
    <Field Def="u8 faceGeoData33 = 128">
      <DisplayName>顔作成ジオメトリデータ33</DisplayName>
      <Description>顔作成ジオメトリデータ33</Description>
      <SortID>83</SortID>
    </Field>
    <Field Def="u8 faceGeoData34 = 128">
      <DisplayName>顔作成ジオメトリデータ34</DisplayName>
      <Description>顔作成ジオメトリデータ34</Description>
      <SortID>84</SortID>
    </Field>
    <Field Def="u8 faceGeoData35 = 128">
      <DisplayName>顔作成ジオメトリデータ35</DisplayName>
      <Description>顔作成ジオメトリデータ35</Description>
      <SortID>85</SortID>
    </Field>
    <Field Def="u8 faceGeoData36 = 128">
      <DisplayName>顔作成ジオメトリデータ36</DisplayName>
      <Description>顔作成ジオメトリデータ36</Description>
      <SortID>86</SortID>
    </Field>
    <Field Def="u8 faceGeoData37 = 128">
      <DisplayName>顔作成ジオメトリデータ37</DisplayName>
      <Description>顔作成ジオメトリデータ37</Description>
      <SortID>87</SortID>
    </Field>
    <Field Def="u8 faceGeoData38 = 128">
      <DisplayName>顔作成ジオメトリデータ38</DisplayName>
      <Description>顔作成ジオメトリデータ38</Description>
      <SortID>88</SortID>
    </Field>
    <Field Def="u8 faceGeoData39 = 128">
      <DisplayName>顔作成ジオメトリデータ39</DisplayName>
      <Description>顔作成ジオメトリデータ39</Description>
      <SortID>89</SortID>
    </Field>
    <Field Def="u8 faceGeoData40 = 128">
      <DisplayName>顔作成ジオメトリデータ40</DisplayName>
      <Description>顔作成ジオメトリデータ40</Description>
      <SortID>90</SortID>
    </Field>
    <Field Def="u8 faceGeoData41 = 128">
      <DisplayName>顔作成ジオメトリデータ41</DisplayName>
      <Description>顔作成ジオメトリデータ41</Description>
      <SortID>91</SortID>
    </Field>
    <Field Def="u8 faceGeoData42 = 128">
      <DisplayName>顔作成ジオメトリデータ42</DisplayName>
      <Description>顔作成ジオメトリデータ42</Description>
      <SortID>92</SortID>
    </Field>
    <Field Def="u8 faceGeoData43 = 128">
      <DisplayName>顔作成ジオメトリデータ43</DisplayName>
      <Description>顔作成ジオメトリデータ43</Description>
      <SortID>93</SortID>
    </Field>
    <Field Def="u8 faceGeoData44 = 128">
      <DisplayName>顔作成ジオメトリデータ44</DisplayName>
      <Description>顔作成ジオメトリデータ44</Description>
      <SortID>94</SortID>
    </Field>
    <Field Def="u8 faceGeoData45 = 128">
      <DisplayName>顔作成ジオメトリデータ45</DisplayName>
      <Description>顔作成ジオメトリデータ45</Description>
      <SortID>95</SortID>
    </Field>
    <Field Def="u8 faceGeoData46 = 128">
      <DisplayName>顔作成ジオメトリデータ46</DisplayName>
      <Description>顔作成ジオメトリデータ46</Description>
      <SortID>96</SortID>
    </Field>
    <Field Def="u8 faceGeoData47 = 128">
      <DisplayName>顔作成ジオメトリデータ47</DisplayName>
      <Description>顔作成ジオメトリデータ47</Description>
      <SortID>97</SortID>
    </Field>
    <Field Def="u8 faceGeoData48 = 128">
      <DisplayName>顔作成ジオメトリデータ48</DisplayName>
      <Description>顔作成ジオメトリデータ48</Description>
      <SortID>98</SortID>
    </Field>
    <Field Def="u8 faceGeoData49 = 128">
      <DisplayName>顔作成ジオメトリデータ49</DisplayName>
      <Description>顔作成ジオメトリデータ49</Description>
      <SortID>99</SortID>
    </Field>
    <Field Def="u8 faceGeoData50 = 128">
      <DisplayName>顔作成ジオメトリデータ50</DisplayName>
      <Description>顔作成ジオメトリデータ50</Description>
      <SortID>100</SortID>
    </Field>
    <Field Def="u8 faceGeoData51 = 128">
      <DisplayName>顔作成ジオメトリデータ51</DisplayName>
      <Description>顔作成ジオメトリデータ51</Description>
      <SortID>101</SortID>
    </Field>
    <Field Def="u8 faceGeoData52 = 128">
      <DisplayName>顔作成ジオメトリデータ52</DisplayName>
      <Description>顔作成ジオメトリデータ52</Description>
      <SortID>102</SortID>
    </Field>
    <Field Def="u8 faceGeoData53 = 128">
      <DisplayName>顔作成ジオメトリデータ53</DisplayName>
      <Description>顔作成ジオメトリデータ53</Description>
      <SortID>103</SortID>
    </Field>
    <Field Def="u8 faceGeoData54 = 128">
      <DisplayName>顔作成ジオメトリデータ54</DisplayName>
      <Description>顔作成ジオメトリデータ54</Description>
      <SortID>104</SortID>
    </Field>
    <Field Def="u8 faceGeoData55 = 128">
      <DisplayName>顔作成ジオメトリデータ55</DisplayName>
      <Description>顔作成ジオメトリデータ55</Description>
      <SortID>105</SortID>
    </Field>
    <Field Def="u8 faceGeoData56 = 128">
      <DisplayName>顔作成ジオメトリデータ56</DisplayName>
      <Description>顔作成ジオメトリデータ56</Description>
      <SortID>106</SortID>
    </Field>
    <Field Def="u8 faceGeoData57 = 128">
      <DisplayName>顔作成ジオメトリデータ57</DisplayName>
      <Description>顔作成ジオメトリデータ57</Description>
      <SortID>107</SortID>
    </Field>
    <Field Def="u8 faceGeoData58 = 128">
      <DisplayName>顔作成ジオメトリデータ58</DisplayName>
      <Description>顔作成ジオメトリデータ58</Description>
      <SortID>108</SortID>
    </Field>
    <Field Def="u8 faceGeoData59 = 128">
      <DisplayName>顔作成ジオメトリデータ59</DisplayName>
      <Description>顔作成ジオメトリデータ59</Description>
      <SortID>109</SortID>
    </Field>
    <Field Def="u8 faceGeoData60 = 128">
      <DisplayName>顔作成ジオメトリデータ60</DisplayName>
      <Description>顔作成ジオメトリデータ60</Description>
      <SortID>110</SortID>
    </Field>
    <Field Def="u8 faceTexData00 = 128">
      <DisplayName>顔作成テクスチャデータ00</DisplayName>
      <Description>顔作成テクスチャデータ00</Description>
      <SortID>111</SortID>
    </Field>
    <Field Def="u8 faceTexData01 = 128">
      <DisplayName>顔作成テクスチャデータ01</DisplayName>
      <Description>顔作成テクスチャデータ01</Description>
      <SortID>112</SortID>
    </Field>
    <Field Def="u8 faceTexData02 = 128">
      <DisplayName>顔作成テクスチャデータ02</DisplayName>
      <Description>顔作成テクスチャデータ02</Description>
      <SortID>113</SortID>
    </Field>
    <Field Def="u8 faceTexData03 = 128">
      <DisplayName>顔作成テクスチャデータ03</DisplayName>
      <Description>顔作成テクスチャデータ03</Description>
      <SortID>114</SortID>
    </Field>
    <Field Def="u8 faceTexData04 = 128">
      <DisplayName>顔作成テクスチャデータ04</DisplayName>
      <Description>顔作成テクスチャデータ04</Description>
      <SortID>115</SortID>
    </Field>
    <Field Def="u8 faceTexData05 = 128">
      <DisplayName>顔作成テクスチャデータ05</DisplayName>
      <Description>顔作成テクスチャデータ05</Description>
      <SortID>116</SortID>
    </Field>
    <Field Def="u8 faceTexData06 = 128">
      <DisplayName>顔作成テクスチャデータ06</DisplayName>
      <Description>顔作成テクスチャデータ06</Description>
      <SortID>117</SortID>
    </Field>
    <Field Def="u8 faceTexData07 = 128">
      <DisplayName>顔作成テクスチャデータ07</DisplayName>
      <Description>顔作成テクスチャデータ07</Description>
      <SortID>118</SortID>
    </Field>
    <Field Def="u8 faceTexData08 = 128">
      <DisplayName>顔作成テクスチャデータ08</DisplayName>
      <Description>顔作成テクスチャデータ08</Description>
      <SortID>119</SortID>
    </Field>
    <Field Def="u8 faceTexData09 = 128">
      <DisplayName>顔作成テクスチャデータ09</DisplayName>
      <Description>顔作成テクスチャデータ09</Description>
      <SortID>120</SortID>
    </Field>
    <Field Def="u8 faceTexData10 = 128">
      <DisplayName>顔作成テクスチャデータ10</DisplayName>
      <Description>顔作成テクスチャデータ10</Description>
      <SortID>121</SortID>
    </Field>
    <Field Def="u8 faceTexData11 = 128">
      <DisplayName>顔作成テクスチャデータ11</DisplayName>
      <Description>顔作成テクスチャデータ11</Description>
      <SortID>122</SortID>
    </Field>
    <Field Def="u8 faceTexData12 = 128">
      <DisplayName>顔作成テクスチャデータ12</DisplayName>
      <Description>顔作成テクスチャデータ12</Description>
      <SortID>123</SortID>
    </Field>
    <Field Def="u8 faceTexData13 = 128">
      <DisplayName>顔作成テクスチャデータ13</DisplayName>
      <Description>顔作成テクスチャデータ13</Description>
      <SortID>124</SortID>
    </Field>
    <Field Def="u8 faceTexData14 = 128">
      <DisplayName>顔作成テクスチャデータ14</DisplayName>
      <Description>顔作成テクスチャデータ14</Description>
      <SortID>125</SortID>
    </Field>
    <Field Def="u8 faceTexData15 = 128">
      <DisplayName>顔作成テクスチャデータ15</DisplayName>
      <Description>顔作成テクスチャデータ15</Description>
      <SortID>126</SortID>
    </Field>
    <Field Def="u8 faceTexData16 = 128">
      <DisplayName>顔作成テクスチャデータ16</DisplayName>
      <Description>顔作成テクスチャデータ16</Description>
      <SortID>127</SortID>
    </Field>
    <Field Def="u8 faceTexData17 = 128">
      <DisplayName>顔作成テクスチャデータ17</DisplayName>
      <Description>顔作成テクスチャデータ17</Description>
      <SortID>128</SortID>
    </Field>
    <Field Def="u8 faceTexData18 = 128">
      <DisplayName>顔作成テクスチャデータ18</DisplayName>
      <Description>顔作成テクスチャデータ18</Description>
      <SortID>129</SortID>
    </Field>
    <Field Def="u8 faceTexData19 = 128">
      <DisplayName>顔作成テクスチャデータ19</DisplayName>
      <Description>顔作成テクスチャデータ19</Description>
      <SortID>130</SortID>
    </Field>
    <Field Def="u8 faceTexData20 = 128">
      <DisplayName>顔作成テクスチャデータ20</DisplayName>
      <Description>顔作成テクスチャデータ20</Description>
      <SortID>131</SortID>
    </Field>
    <Field Def="u8 faceTexData21 = 128">
      <DisplayName>顔作成テクスチャデータ21</DisplayName>
      <Description>顔作成テクスチャデータ21</Description>
      <SortID>132</SortID>
    </Field>
    <Field Def="u8 faceTexData22 = 128">
      <DisplayName>顔作成テクスチャデータ22</DisplayName>
      <Description>顔作成テクスチャデータ22</Description>
      <SortID>133</SortID>
    </Field>
    <Field Def="u8 faceTexData23 = 128">
      <DisplayName>顔作成テクスチャデータ23</DisplayName>
      <Description>顔作成テクスチャデータ23</Description>
      <SortID>134</SortID>
    </Field>
    <Field Def="u8 faceTexData24 = 128">
      <DisplayName>顔作成テクスチャデータ24</DisplayName>
      <Description>顔作成テクスチャデータ24</Description>
      <SortID>135</SortID>
    </Field>
    <Field Def="u8 faceTexData25 = 128">
      <DisplayName>顔作成テクスチャデータ25</DisplayName>
      <Description>顔作成テクスチャデータ25</Description>
      <SortID>136</SortID>
    </Field>
    <Field Def="u8 faceTexData26 = 128">
      <DisplayName>顔作成テクスチャデータ26</DisplayName>
      <Description>顔作成テクスチャデータ26</Description>
      <SortID>137</SortID>
    </Field>
    <Field Def="u8 faceTexData27 = 128">
      <DisplayName>顔作成テクスチャデータ27</DisplayName>
      <Description>顔作成テクスチャデータ27</Description>
      <SortID>138</SortID>
    </Field>
    <Field Def="u8 faceTexData28 = 128">
      <DisplayName>顔作成テクスチャデータ28</DisplayName>
      <Description>顔作成テクスチャデータ28</Description>
      <SortID>139</SortID>
    </Field>
    <Field Def="u8 faceTexData29 = 128">
      <DisplayName>顔作成テクスチャデータ29</DisplayName>
      <Description>顔作成テクスチャデータ29</Description>
      <SortID>140</SortID>
    </Field>
    <Field Def="u8 faceTexData30 = 128">
      <DisplayName>顔作成テクスチャデータ30</DisplayName>
      <Description>顔作成テクスチャデータ30</Description>
      <SortID>141</SortID>
    </Field>
    <Field Def="u8 faceTexData31 = 128">
      <DisplayName>顔作成テクスチャデータ31</DisplayName>
      <Description>顔作成テクスチャデータ31</Description>
      <SortID>142</SortID>
    </Field>
    <Field Def="u8 faceTexData32 = 128">
      <DisplayName>顔作成テクスチャデータ32</DisplayName>
      <Description>顔作成テクスチャデータ32</Description>
      <SortID>143</SortID>
    </Field>
    <Field Def="u8 faceTexData33 = 128">
      <DisplayName>顔作成テクスチャデータ33</DisplayName>
      <Description>顔作成テクスチャデータ33</Description>
      <SortID>144</SortID>
    </Field>
    <Field Def="u8 faceTexData34 = 128">
      <DisplayName>顔作成テクスチャデータ34</DisplayName>
      <Description>顔作成テクスチャデータ34</Description>
      <SortID>145</SortID>
    </Field>
    <Field Def="u8 faceTexData35 = 128">
      <DisplayName>顔作成テクスチャデータ35</DisplayName>
      <Description>顔作成テクスチャデータ35</Description>
      <SortID>146</SortID>
    </Field>
    <Field Def="u8 faceGeoAsymData00 = 128">
      <DisplayName>顔作成ジオメトリ非対称データ00</DisplayName>
      <Description>顔作成ジオメトリ非対称データ00</Description>
      <SortID>147</SortID>
    </Field>
    <Field Def="u8 faceGeoAsymData01 = 128">
      <DisplayName>顔作成ジオメトリ非対称データ01</DisplayName>
      <Description>顔作成ジオメトリ非対称データ01</Description>
      <SortID>148</SortID>
    </Field>
    <Field Def="u8 faceGeoAsymData02 = 128">
      <DisplayName>顔作成ジオメトリ非対称データ02</DisplayName>
      <Description>顔作成ジオメトリ非対称データ02</Description>
      <SortID>149</SortID>
    </Field>
    <Field Def="u8 faceGeoAsymData03 = 128">
      <DisplayName>顔作成ジオメトリ非対称データ03</DisplayName>
      <Description>顔作成ジオメトリ非対称データ03</Description>
      <SortID>150</SortID>
    </Field>
    <Field Def="u8 faceGeoAsymData04 = 128">
      <DisplayName>顔作成ジオメトリ非対称データ04</DisplayName>
      <Description>顔作成ジオメトリ非対称データ04</Description>
      <SortID>151</SortID>
    </Field>
    <Field Def="u8 faceGeoAsymData05 = 128">
      <DisplayName>顔作成ジオメトリ非対称データ05</DisplayName>
      <Description>顔作成ジオメトリ非対称データ05</Description>
      <SortID>152</SortID>
    </Field>
    <Field Def="u8 faceGeoAsymData06 = 128">
      <DisplayName>顔作成ジオメトリ非対称データ06</DisplayName>
      <Description>顔作成ジオメトリ非対称データ06</Description>
      <SortID>153</SortID>
    </Field>
    <Field Def="u8 faceGeoAsymData07 = 128">
      <DisplayName>顔作成ジオメトリ非対称データ07</DisplayName>
      <Description>顔作成ジオメトリ非対称データ07</Description>
      <SortID>154</SortID>
    </Field>
    <Field Def="u8 faceGeoAsymData08 = 128">
      <DisplayName>顔作成ジオメトリ非対称データ08</DisplayName>
      <Description>顔作成ジオメトリ非対称データ08</Description>
      <SortID>155</SortID>
    </Field>
    <Field Def="u8 faceGeoAsymData09 = 128">
      <DisplayName>顔作成ジオメトリ非対称データ09</DisplayName>
      <Description>顔作成ジオメトリ非対称データ09</Description>
      <SortID>156</SortID>
    </Field>
    <Field Def="u8 faceGeoAsymData10 = 128">
      <DisplayName>顔作成ジオメトリ非対称データ10</DisplayName>
      <Description>顔作成ジオメトリ非対称データ10</Description>
      <SortID>157</SortID>
    </Field>
    <Field Def="u8 faceGeoAsymData11 = 128">
      <DisplayName>顔作成ジオメトリ非対称データ11</DisplayName>
      <Description>顔作成ジオメトリ非対称データ11</Description>
      <SortID>158</SortID>
    </Field>
    <Field Def="u8 faceGeoAsymData12 = 128">
      <DisplayName>顔作成ジオメトリ非対称データ12</DisplayName>
      <Description>顔作成ジオメトリ非対称データ12</Description>
      <SortID>159</SortID>
    </Field>
    <Field Def="u8 faceGeoAsymData13 = 128">
      <DisplayName>顔作成ジオメトリ非対称データ13</DisplayName>
      <Description>顔作成ジオメトリ非対称データ13</Description>
      <SortID>160</SortID>
    </Field>
    <Field Def="u8 faceGeoAsymData14 = 128">
      <DisplayName>顔作成ジオメトリ非対称データ14</DisplayName>
      <Description>顔作成ジオメトリ非対称データ14</Description>
      <SortID>161</SortID>
    </Field>
    <Field Def="u8 faceGeoAsymData15 = 128">
      <DisplayName>顔作成ジオメトリ非対称データ15</DisplayName>
      <Description>顔作成ジオメトリ非対称データ15</Description>
      <SortID>162</SortID>
    </Field>
    <Field Def="u8 faceGeoAsymData16 = 128">
      <DisplayName>顔作成ジオメトリ非対称データ16</DisplayName>
      <Description>顔作成ジオメトリ非対称データ16</Description>
      <SortID>163</SortID>
    </Field>
    <Field Def="u8 faceGeoAsymData17 = 128">
      <DisplayName>顔作成ジオメトリ非対称データ17</DisplayName>
      <Description>顔作成ジオメトリ非対称データ17</Description>
      <SortID>164</SortID>
    </Field>
    <Field Def="u8 faceGeoAsymData18 = 128">
      <DisplayName>顔作成ジオメトリ非対称データ18</DisplayName>
      <Description>顔作成ジオメトリ非対称データ18</Description>
      <SortID>165</SortID>
    </Field>
    <Field Def="u8 faceGeoAsymData19 = 128">
      <DisplayName>顔作成ジオメトリ非対称データ19</DisplayName>
      <Description>顔作成ジオメトリ非対称データ19</Description>
      <SortID>166</SortID>
    </Field>
    <Field Def="u8 faceGeoAsymData20 = 128">
      <DisplayName>顔作成ジオメトリ非対称データ20</DisplayName>
      <Description>顔作成ジオメトリ非対称データ20</Description>
      <SortID>167</SortID>
    </Field>
    <Field Def="u8 faceGeoAsymData21 = 128">
      <DisplayName>顔作成ジオメトリ非対称データ21</DisplayName>
      <Description>顔作成ジオメトリ非対称データ21</Description>
      <SortID>168</SortID>
    </Field>
    <Field Def="u8 faceGeoAsymData22 = 128">
      <DisplayName>顔作成ジオメトリ非対称データ22</DisplayName>
      <Description>顔作成ジオメトリ非対称データ22</Description>
      <SortID>169</SortID>
    </Field>
    <Field Def="u8 faceGeoAsymData23 = 128">
      <DisplayName>顔作成ジオメトリ非対称データ23</DisplayName>
      <Description>顔作成ジオメトリ非対称データ23</Description>
      <SortID>170</SortID>
    </Field>
    <Field Def="u8 faceGeoAsymData24 = 128">
      <DisplayName>顔作成ジオメトリ非対称データ24</DisplayName>
      <Description>顔作成ジオメトリ非対称データ24</Description>
      <SortID>171</SortID>
    </Field>
    <Field Def="u8 faceGeoAsymData25 = 128">
      <DisplayName>顔作成ジオメトリ非対称データ25</DisplayName>
      <Description>顔作成ジオメトリ非対称データ25</Description>
      <SortID>172</SortID>
    </Field>
  </Fields>
</PARAMDEF>