﻿<?xml version="1.0" encoding="utf-8"?>
<PARAMDEF XmlVersion="1">
  <ParamType>GEM_GEN_PARAM_ST</ParamType>
  <DataVersion>1</DataVersion>
  <BigEndian>False</BigEndian>
  <Unicode>True</Unicode>
  <FormatVersion>201</FormatVersion>
  <Fields>
    <Field Def="u32 isUnique:1">
      <DisplayName>ユニーク魔石か</DisplayName>
      <Enum>EQUIP_GEN_PARAM_BOOL32</Enum>
      <Description>ユニーク魔石か</Description>
      <Maximum>1</Maximum>
      <SortID>1</SortID>
    </Field>
    <Field Def="dummy8 pad_0[4] = -1">
      <DisplayName>パディング</DisplayName>
      <Description>パディング</Description>
      <DisplayFormat>%d</DisplayFormat>
      <EditFlags>Wrap</EditFlags>
      <Minimum>-1</Minimum>
      <Maximum>9999</Maximum>
      <Increment>1</Increment>
      <SortID>41</SortID>
    </Field>
    <Field Def="u32 gemNameIdOffset">
      <DisplayName>魔石名IDオフセット</DisplayName>
      <Description>魔石名IDオフセット</Description>
      <Maximum>1E+09</Maximum>
      <SortID>2</SortID>
    </Field>
    <Field Def="u32 disableSlotRateModify:1">
      <DisplayName>スロット出現率補正無効化</DisplayName>
      <Enum>EQUIP_GEN_PARAM_BOOL32</Enum>
      <Description>スロットタイプ出現率補正を無効化するか(1:する, 0:しない)</Description>
      <Maximum>1</Maximum>
      <SortID>3</SortID>
    </Field>
    <Field Def="f32 slotTypeRateA">
      <DisplayName>スロットタイプＡ出現率</DisplayName>
      <Description>スロットタイプＡ出現率(-1:除外)</Description>
      <DisplayFormat>%.2f</DisplayFormat>
      <EditFlags>None</EditFlags>
      <Minimum>-1</Minimum>
      <Maximum>100</Maximum>
      <SortID>4</SortID>
    </Field>
    <Field Def="f32 slotTypeRateB">
      <DisplayName>スロットタイプＢ出現率</DisplayName>
      <Description>スロットタイプＢ出現率</Description>
      <DisplayFormat>%.2f</DisplayFormat>
      <EditFlags>None</EditFlags>
      <Minimum>-1</Minimum>
      <Maximum>100</Maximum>
      <SortID>5</SortID>
    </Field>
    <Field Def="f32 slotTypeRateC">
      <DisplayName>スロットタイプＣ出現率</DisplayName>
      <Description>スロットタイプＣ出現率</Description>
      <DisplayFormat>%.2f</DisplayFormat>
      <EditFlags>None</EditFlags>
      <Minimum>-1</Minimum>
      <Maximum>100</Maximum>
      <SortID>6</SortID>
    </Field>
    <Field Def="f32 slotTypeRateD">
      <DisplayName>スロットタイプＤ出現率</DisplayName>
      <Description>スロットタイプＤ出現率</Description>
      <DisplayFormat>%.2f</DisplayFormat>
      <EditFlags>None</EditFlags>
      <Minimum>-1</Minimum>
      <Maximum>100</Maximum>
      <SortID>7</SortID>
    </Field>
    <Field Def="f32 slotTypeRateE">
      <DisplayName>スロットタイプＥ出現率</DisplayName>
      <Description>スロットタイプＥ出現率</Description>
      <DisplayFormat>%.2f</DisplayFormat>
      <EditFlags>None</EditFlags>
      <Minimum>-1</Minimum>
      <Maximum>100</Maximum>
      <SortID>8</SortID>
    </Field>
    <Field Def="f32 slotTypeRateF">
      <DisplayName>スロットタイプＦ出現率</DisplayName>
      <Description>スロットタイプＦ出現率</Description>
      <DisplayFormat>%.2f</DisplayFormat>
      <EditFlags>None</EditFlags>
      <Minimum>-1</Minimum>
      <Maximum>100</Maximum>
      <SortID>9</SortID>
    </Field>
    <Field Def="s8 gemRankDoping">
      <DisplayName>魔石ランクドーピング</DisplayName>
      <Description>魔石ランクドーピング(-100:最低, 100:最高)</Description>
      <EditFlags>None</EditFlags>
      <Minimum>-100</Minimum>
      <Maximum>100</Maximum>
      <SortID>10</SortID>
    </Field>
    <Field Def="dummy8 pad_1[3] = -1">
      <DisplayName>パディング</DisplayName>
      <Description>パディング</Description>
      <DisplayFormat>%d</DisplayFormat>
      <EditFlags>Wrap</EditFlags>
      <Minimum>-1</Minimum>
      <Maximum>9999</Maximum>
      <Increment>1</Increment>
      <SortID>42</SortID>
    </Field>
    <Field Def="u32 gemeffectGenParamType_0">
      <DisplayName>０：魔石効果生成パラムタイプ</DisplayName>
      <Enum>GEMEFFECT_GEN_PT</Enum>
      <Description>０：魔石効果生成パラムタイプ</Description>
      <Maximum>4</Maximum>
      <SortID>11</SortID>
    </Field>
    <Field Def="s32 gemeffectGenParam_0 = -1">
      <DisplayName>０：魔石効果生成パラム</DisplayName>
      <Description>０：魔石効果生成パラム</Description>
      <Minimum>-1</Minimum>
      <Maximum>1E+09</Maximum>
      <SortID>12</SortID>
    </Field>
    <Field Def="f32 manifestRate_0">
      <DisplayName>０：出現率</DisplayName>
      <Description>０：出現率</Description>
      <DisplayFormat>%.2f</DisplayFormat>
      <Minimum>0</Minimum>
      <Maximum>100</Maximum>
      <SortID>13</SortID>
    </Field>
    <Field Def="f32 negativizeRate_0">
      <DisplayName>０：マイナス効果化率</DisplayName>
      <Description>０：マイナス効果化率</Description>
      <DisplayFormat>%.2f</DisplayFormat>
      <Minimum>0</Minimum>
      <Maximum>100</Maximum>
      <SortID>14</SortID>
    </Field>
    <Field Def="u32 gemeffectGenParamType_1">
      <DisplayName>１：魔石効果生成パラムタイプ</DisplayName>
      <Enum>GEMEFFECT_GEN_PT</Enum>
      <Description>１：魔石効果生成パラムタイプ</Description>
      <Maximum>4</Maximum>
      <SortID>15</SortID>
    </Field>
    <Field Def="s32 gemeffectGenParam_1 = -1">
      <DisplayName>１：魔石効果生成パラム</DisplayName>
      <Description>１：魔石効果生成パラム</Description>
      <Minimum>-1</Minimum>
      <Maximum>1E+09</Maximum>
      <SortID>16</SortID>
    </Field>
    <Field Def="f32 manifestRate_1">
      <DisplayName>１：出現率</DisplayName>
      <Description>１：出現率</Description>
      <DisplayFormat>%.2f</DisplayFormat>
      <Minimum>0</Minimum>
      <Maximum>100</Maximum>
      <SortID>17</SortID>
    </Field>
    <Field Def="f32 negativizeRate_1">
      <DisplayName>１：マイナス効果化率</DisplayName>
      <Description>１：マイナス効果化率</Description>
      <DisplayFormat>%.2f</DisplayFormat>
      <Minimum>0</Minimum>
      <Maximum>100</Maximum>
      <SortID>18</SortID>
    </Field>
    <Field Def="u32 gemeffectGenParamType_2">
      <DisplayName>２：魔石効果生成パラムタイプ</DisplayName>
      <Enum>GEMEFFECT_GEN_PT</Enum>
      <Description>２：魔石効果生成パラムタイプ</Description>
      <Maximum>4</Maximum>
      <SortID>19</SortID>
    </Field>
    <Field Def="s32 gemeffectGenParam_2 = -1">
      <DisplayName>２：魔石効果生成パラム</DisplayName>
      <Description>２：魔石効果生成パラム</Description>
      <Minimum>-1</Minimum>
      <Maximum>1E+09</Maximum>
      <SortID>20</SortID>
    </Field>
    <Field Def="f32 manifestRate_2">
      <DisplayName>２：出現率</DisplayName>
      <Description>２：出現率</Description>
      <DisplayFormat>%.2f</DisplayFormat>
      <Minimum>0</Minimum>
      <Maximum>100</Maximum>
      <SortID>21</SortID>
    </Field>
    <Field Def="f32 negativizeRate_2">
      <DisplayName>２：マイナス効果化率</DisplayName>
      <Description>２：マイナス効果化率</Description>
      <DisplayFormat>%.2f</DisplayFormat>
      <Minimum>0</Minimum>
      <Maximum>100</Maximum>
      <SortID>22</SortID>
    </Field>
    <Field Def="u32 gemeffectGenParamType_3">
      <DisplayName>３：魔石効果生成パラムタイプ</DisplayName>
      <Enum>GEMEFFECT_GEN_PT</Enum>
      <Description>３：魔石効果生成パラムタイプ</Description>
      <Maximum>4</Maximum>
      <SortID>23</SortID>
    </Field>
    <Field Def="s32 gemeffectGenParam_3 = -1">
      <DisplayName>３：魔石効果生成パラム</DisplayName>
      <Description>３：魔石効果生成パラム</Description>
      <Minimum>-1</Minimum>
      <Maximum>1E+09</Maximum>
      <SortID>24</SortID>
    </Field>
    <Field Def="f32 manifestRate_3">
      <DisplayName>３：出現率</DisplayName>
      <Description>３：出現率</Description>
      <DisplayFormat>%.2f</DisplayFormat>
      <Minimum>0</Minimum>
      <Maximum>100</Maximum>
      <SortID>25</SortID>
    </Field>
    <Field Def="f32 negativizeRate_3">
      <DisplayName>３：マイナス効果化率</DisplayName>
      <Description>３：マイナス効果化率</Description>
      <DisplayFormat>%.2f</DisplayFormat>
      <Minimum>0</Minimum>
      <Maximum>100</Maximum>
      <SortID>26</SortID>
    </Field>
    <Field Def="u32 gemeffectGenParamType_4">
      <DisplayName>４：魔石効果生成パラムタイプ</DisplayName>
      <Enum>GEMEFFECT_GEN_PT</Enum>
      <Description>４：魔石効果生成パラムタイプ</Description>
      <Maximum>4</Maximum>
      <SortID>27</SortID>
    </Field>
    <Field Def="s32 gemeffectGenParam_4 = -1">
      <DisplayName>４：魔石効果生成パラム</DisplayName>
      <Description>４：魔石効果生成パラム</Description>
      <Minimum>-1</Minimum>
      <Maximum>1E+09</Maximum>
      <SortID>28</SortID>
    </Field>
    <Field Def="f32 manifestRate_4">
      <DisplayName>４：出現率</DisplayName>
      <Description>４：出現率</Description>
      <DisplayFormat>%.2f</DisplayFormat>
      <Minimum>0</Minimum>
      <Maximum>100</Maximum>
      <SortID>29</SortID>
    </Field>
    <Field Def="f32 negativizeRate_4">
      <DisplayName>４：マイナス効果化率</DisplayName>
      <Description>４：マイナス効果化率</Description>
      <DisplayFormat>%.2f</DisplayFormat>
      <Minimum>0</Minimum>
      <Maximum>100</Maximum>
      <SortID>30</SortID>
    </Field>
    <Field Def="u32 gemeffectGenParamType_5">
      <DisplayName>５：魔石効果生成パラムタイプ</DisplayName>
      <Enum>GEMEFFECT_GEN_PT</Enum>
      <Description>５：魔石効果生成パラムタイプ</Description>
      <Maximum>4</Maximum>
      <SortID>31</SortID>
    </Field>
    <Field Def="s32 gemeffectGenParam_5 = -1">
      <DisplayName>５：魔石効果生成パラム</DisplayName>
      <Description>５：魔石効果生成パラム</Description>
      <Minimum>-1</Minimum>
      <Maximum>1E+09</Maximum>
      <SortID>32</SortID>
    </Field>
    <Field Def="f32 manifestRate_5">
      <DisplayName>５：出現率</DisplayName>
      <Description>５：出現率</Description>
      <DisplayFormat>%.2f</DisplayFormat>
      <Minimum>0</Minimum>
      <Maximum>100</Maximum>
      <SortID>33</SortID>
    </Field>
    <Field Def="f32 negativizeRate_5">
      <DisplayName>５：マイナス効果化率</DisplayName>
      <Description>５：マイナス効果化率</Description>
      <DisplayFormat>%.2f</DisplayFormat>
      <Minimum>0</Minimum>
      <Maximum>100</Maximum>
      <SortID>34</SortID>
    </Field>
    <Field Def="u32 equipableSegmentBody:1">
      <DisplayName>身体に装着可</DisplayName>
      <Enum>EQUIP_GEN_PARAM_BOOL32</Enum>
      <Description>身体に装着可</Description>
      <Maximum>1</Maximum>
      <SortID>35</SortID>
    </Field>
    <Field Def="u32 equipableSegmentWeapon:1">
      <DisplayName>武器に装着可</DisplayName>
      <Enum>EQUIP_GEN_PARAM_BOOL32</Enum>
      <Description>武器に装着可</Description>
      <Maximum>1</Maximum>
      <SortID>36</SortID>
    </Field>
    <Field Def="u32 unremovable:1">
      <DisplayName>取り外し不可</DisplayName>
      <Enum>EQUIP_GEN_PARAM_BOOL32</Enum>
      <Description>取り外し不可</Description>
      <Maximum>1</Maximum>
      <SortID>37</SortID>
    </Field>
    <Field Def="u32 isGuestDrop:1">
      <DisplayName>ゲストドロップするか</DisplayName>
      <Enum>EQUIP_GEN_PARAM_BOOL32</Enum>
      <Description>ゲストドロップするか</Description>
      <Maximum>1</Maximum>
      <SortID>38</SortID>
    </Field>
  </Fields>
</PARAMDEF>