﻿<?xml version="1.0" encoding="utf-8"?>
<PARAMDEF XmlVersion="1">
  <ParamType>EQUIP_MTRL_SET_PARAM_ST</ParamType>
  <DataVersion>1</DataVersion>
  <BigEndian>True</BigEndian>
  <Unicode>False</Unicode>
  <FormatVersion>102</FormatVersion>
  <Fields>
    <Field Def="s32 materialId01 = -1">
      <DisplayName>必要素材アイテムID01</DisplayName>
      <Description>武具強化に必要な素材アイテムIDです。</Description>
      <Minimum>-1</Minimum>
      <Maximum>1E+07</Maximum>
    </Field>
    <Field Def="s32 itemNum01 = -1">
      <DisplayName>必要個数01</DisplayName>
      <Description>武具強化に必要な素材アイテムの個数です。</Description>
      <Minimum>-1</Minimum>
      <Maximum>99</Maximum>
    </Field>
    <Field Def="s32 materialId02 = -1">
      <DisplayName>必要素材アイテムID02</DisplayName>
      <Description>武具強化に必要な素材アイテムIDです。</Description>
      <Minimum>-1</Minimum>
      <Maximum>1E+07</Maximum>
    </Field>
    <Field Def="s32 itemNum02 = -1">
      <DisplayName>必要個数02</DisplayName>
      <Description>武具強化に必要な素材アイテムの個数です。</Description>
      <Minimum>-1</Minimum>
      <Maximum>99</Maximum>
    </Field>
    <Field Def="s32 materialId03 = -1">
      <DisplayName>必要素材アイテムID03</DisplayName>
      <Description>武具強化に必要な素材アイテムIDです。</Description>
      <Minimum>-1</Minimum>
      <Maximum>1E+07</Maximum>
    </Field>
    <Field Def="s32 itemNum03 = -1">
      <DisplayName>必要個数03</DisplayName>
      <Description>武具強化に必要な素材アイテムの個数です。</Description>
      <Minimum>-1</Minimum>
      <Maximum>99</Maximum>
    </Field>
    <Field Def="s32 materialId04 = -1">
      <DisplayName>必要素材アイテムID04</DisplayName>
      <Description>武具強化に必要な素材アイテムIDです。</Description>
      <Minimum>-1</Minimum>
      <Maximum>1E+07</Maximum>
    </Field>
    <Field Def="s32 itemNum04 = -1">
      <DisplayName>必要個数04</DisplayName>
      <Description>武具強化に必要な素材アイテムの個数です。</Description>
      <Minimum>-1</Minimum>
      <Maximum>99</Maximum>
    </Field>
    <Field Def="s32 materialId05 = -1">
      <DisplayName>必要素材アイテムID05</DisplayName>
      <Description>武具強化に必要な素材アイテムIDです。</Description>
      <Minimum>-1</Minimum>
      <Maximum>1E+07</Maximum>
    </Field>
    <Field Def="s32 itemNum05 = -1">
      <DisplayName>必要個数05</DisplayName>
      <Description>武具強化に必要な素材アイテムの個数です。</Description>
      <Minimum>-1</Minimum>
      <Maximum>99</Maximum>
    </Field>
    <Field Def="dummy8 pad[24]">
      <DisplayName>パディング</DisplayName>
      <Description>パディングです。</Description>
    </Field>
  </Fields>
</PARAMDEF>