﻿<?xml version="1.0" encoding="utf-8"?>
<PARAMDEF XmlVersion="1">
  <ParamType>FOG_BANK</ParamType>
  <DataVersion>1</DataVersion>
  <BigEndian>True</BigEndian>
  <Unicode>False</Unicode>
  <FormatVersion>102</FormatVersion>
  <Fields>
    <Field Def="s32 fogBeginZ">
      <DisplayName>開始距離[m]</DisplayName>
      <Description>フォグの開始距離です</Description>
      <EditFlags>None</EditFlags>
      <Minimum>-10000</Minimum>
      <Maximum>10000</Maximum>
    </Field>
    <Field Def="s32 fogEndZ = 100">
      <DisplayName>終了距離[m]</DisplayName>
      <Description>フォグの終了距離です</Description>
      <EditFlags>None</EditFlags>
      <Minimum>-10000</Minimum>
      <Maximum>10000</Maximum>
    </Field>
    <Field Def="s32 degRotZ">
      <DisplayName>ダミー</DisplayName>
      <Description>ダミー</Description>
      <EditFlags>None</EditFlags>
      <Minimum>0</Minimum>
      <Maximum>0</Maximum>
      <Increment>0</Increment>
    </Field>
    <Field Def="s32 degRotW = 100">
      <DisplayName>強度</DisplayName>
      <Description>通常100にしてください(0だとフォグが掛かりません)</Description>
      <EditFlags>None</EditFlags>
      <Minimum>0</Minimum>
      <Maximum>1000</Maximum>
    </Field>
    <Field Def="s32 colR = 255">
      <DisplayName>Ｒ</DisplayName>
      <Description>フォグカラー</Description>
      <EditFlags>None</EditFlags>
      <Minimum>0</Minimum>
      <Maximum>255</Maximum>
    </Field>
    <Field Def="s32 colG = 255">
      <DisplayName>Ｇ</DisplayName>
      <Description>フォグカラー</Description>
      <EditFlags>None</EditFlags>
      <Minimum>0</Minimum>
      <Maximum>255</Maximum>
    </Field>
    <Field Def="s32 colB = 255">
      <DisplayName>Ｂ</DisplayName>
      <Description>フォグカラー</Description>
      <EditFlags>None</EditFlags>
      <Minimum>0</Minimum>
      <Maximum>255</Maximum>
    </Field>
    <Field Def="s32 colA = 100">
      <DisplayName>RGB倍率[％]</DisplayName>
      <Description>フォグカラーの倍率(100が標準)</Description>
      <EditFlags>None</EditFlags>
      <Minimum>0</Minimum>
      <Maximum>1000</Maximum>
    </Field>
  </Fields>
</PARAMDEF>