﻿<?xml version="1.0" encoding="utf-8"?>
<PARAMDEF XmlVersion="1">
  <ParamType>SP_EFFECT_PARAM_ST</ParamType>
  <DataVersion>1</DataVersion>
  <BigEndian>True</BigEndian>
  <Unicode>False</Unicode>
  <FormatVersion>102</FormatVersion>
  <Fields>
    <Field Def="s32 iconId = -1">
      <DisplayName>アイコンID</DisplayName>
      <Description>アイコンID(-1の時は、アイコン必要なし)</Description>
      <Minimum>-1</Minimum>
      <Maximum>999999</Maximum>
    </Field>
    <Field Def="u8 stateInfo">
      <DisplayName>状態変化タイプ</DisplayName>
      <Enum>SP_EFFECT_TYPE</Enum>
      <Description>状態変化の判定フラグ</Description>
    </Field>
    <Field Def="u8 effectTargetSelf">
      <DisplayName>効果対象：所属　自分</DisplayName>
      <Enum>SP_EFFECT_BOOL</Enum>
      <Description>この判定にチェックが入っている対象のみ効果を発揮する、デフォルトは×</Description>
      <Maximum>1</Maximum>
    </Field>
    <Field Def="u8 effectTargetFriend">
      <DisplayName>効果対象：所属　味方</DisplayName>
      <Enum>SP_EFFECT_BOOL</Enum>
      <Description>この判定にチェックが入っている対象のみ効果を発揮する、デフォルトは×</Description>
      <Maximum>1</Maximum>
    </Field>
    <Field Def="u8 effectTargetEnemy">
      <DisplayName>効果対象：所属　敵</DisplayName>
      <Enum>SP_EFFECT_BOOL</Enum>
      <Description>この判定にチェックが入っている対象のみ効果を発揮する、デフォルトは×</Description>
      <Maximum>1</Maximum>
    </Field>
    <Field Def="u8 effectTargetPlayer">
      <DisplayName>効果対象：操作　PC</DisplayName>
      <Enum>SP_EFFECT_BOOL</Enum>
      <Description>この判定にチェックが入っている対象のみ効果を発揮する、デフォルトは×</Description>
      <Maximum>1</Maximum>
    </Field>
    <Field Def="u8 effectTargetAI">
      <DisplayName>効果対象：操作　AI</DisplayName>
      <Enum>SP_EFFECT_BOOL</Enum>
      <Description>この判定にチェックが入っている対象のみ効果を発揮する、デフォルトは×</Description>
      <Maximum>1</Maximum>
    </Field>
    <Field Def="u8 effectTargetLive">
      <DisplayName>効果対象：状態　生存</DisplayName>
      <Enum>SP_EFFECT_BOOL</Enum>
      <Description>この判定にチェックが入っている対象のみ効果を発揮する、デフォルトは×</Description>
      <Maximum>1</Maximum>
    </Field>
    <Field Def="u8 effectTargetGhost">
      <DisplayName>効果対象：状態　全ゴースト</DisplayName>
      <Enum>SP_EFFECT_BOOL</Enum>
      <Description>この判定にチェックが入っている対象のみ効果を発揮する、デフォルトは×</Description>
      <Maximum>1</Maximum>
    </Field>
    <Field Def="u8 effectTargetWhiteGhost">
      <DisplayName>効果対象：状態　白ゴースト</DisplayName>
      <Enum>SP_EFFECT_BOOL</Enum>
      <Description>この判定にチェックが入っている対象のみ効果を発揮する、デフォルトは×</Description>
      <Maximum>1</Maximum>
    </Field>
    <Field Def="u8 effectTargetBlackGhost">
      <DisplayName>効果対象：状態　黒ゴースト</DisplayName>
      <Enum>SP_EFFECT_BOOL</Enum>
      <Description>この判定にチェックが入っている対象のみ効果を発揮する、デフォルトは×</Description>
      <Maximum>1</Maximum>
    </Field>
    <Field Def="u8 effectTargetAttacker">
      <DisplayName>効果対象：攻撃者に発動</DisplayName>
      <Enum>SP_EFFECT_BOOL</Enum>
      <Description>ダメージ後に攻撃者に特殊効果を適用（防御側には入れない）</Description>
      <Maximum>1</Maximum>
    </Field>
    <Field Def="u8 dispIconNonactive">
      <DisplayName>発動してなくてもアイコン表示</DisplayName>
      <Enum>SP_EFFECT_BOOL</Enum>
      <Description>発動待ちの状態でもアイコンを表示する。</Description>
      <Maximum>1</Maximum>
    </Field>
    <Field Def="dummy8 pad1[1]">
      <DisplayName>パディング１</DisplayName>
    </Field>
    <Field Def="u8 bAdjustMagicAblity">
      <DisplayName>魔力補正するか？</DisplayName>
      <Enum>SP_EFFECT_BOOL</Enum>
      <Description>魔力補正するか？</Description>
      <Maximum>1</Maximum>
    </Field>
    <Field Def="u8 bAdjustFaithAblity">
      <DisplayName>信仰補正するか？</DisplayName>
      <Enum>SP_EFFECT_BOOL</Enum>
      <Description>信仰補正するか？</Description>
      <Maximum>1</Maximum>
    </Field>
    <Field Def="u8 bGameClearBonus">
      <DisplayName>周回ボーナス用か？</DisplayName>
      <Enum>SP_EFFECT_BOOL</Enum>
      <Description>ゲームクリア周回ボーナス用かどうか。</Description>
      <Maximum>1</Maximum>
    </Field>
    <Field Def="f32 conditionHp = -1">
      <DisplayName>発動条件　残りHP比率[%]</DisplayName>
      <Description>残りHPが、maxHPの何%になったら発動するかを設定</Description>
      <Minimum>-1</Minimum>
      <Maximum>100</Maximum>
      <Increment>0.1</Increment>
    </Field>
    <Field Def="f32 effectEndurance">
      <DisplayName>効果持続時間　時間[s]</DisplayName>
      <Description>変化持続時間　/-1で永続 /0で瞬間1回限り</Description>
      <Minimum>-1</Minimum>
      <Maximum>999</Maximum>
      <Increment>0.1</Increment>
    </Field>
    <Field Def="f32 motionInterval">
      <DisplayName>発動間隔[s]</DisplayName>
      <Description>何秒間隔で発生するのかを設定</Description>
      <Minimum>-1</Minimum>
      <Maximum>999</Maximum>
      <Increment>0.1</Increment>
    </Field>
    <Field Def="f32 maxHpRate = 1">
      <DisplayName>最大HP倍率[%]</DisplayName>
      <Description>最大HPに補正をかける</Description>
      <Minimum>0</Minimum>
      <Maximum>99</Maximum>
      <Increment>0.001</Increment>
    </Field>
    <Field Def="f32 maxMpRate = 1">
      <DisplayName>最大MP倍率[%]</DisplayName>
      <Description>最大MPに補正をかける</Description>
      <Minimum>0</Minimum>
      <Maximum>99</Maximum>
      <Increment>0.001</Increment>
    </Field>
    <Field Def="f32 maxStaminaRate = 1">
      <DisplayName>最大スタミナ倍率[%]</DisplayName>
      <Description>最大SPに補正をかける</Description>
      <Minimum>0</Minimum>
      <Maximum>99</Maximum>
      <Increment>0.001</Increment>
    </Field>
    <Field Def="u8 wepParamChange">
      <DisplayName>対武器パラメータ変化</DisplayName>
      <Enum>SP_EFE_WEP_CHANGE_PARAM</Enum>
      <Description>どの武器に対して効果を発揮するかを指定する。制限無しの場合は敵も含めた全ての攻撃・防御が対象</Description>
    </Field>
    <Field Def="u8 magParamChange">
      <DisplayName>対魔法パラメータ変化</DisplayName>
      <Enum>SP_EFFECT_BOOL</Enum>
      <Description>魔法に対して効果を発揮するかしないかを設定する</Description>
      <Maximum>1</Maximum>
    </Field>
    <Field Def="u8 miracleParamChange">
      <DisplayName>対奇跡パラメータ変化</DisplayName>
      <Enum>SP_EFFECT_BOOL</Enum>
      <Description>奇跡に対して効果を発揮するかしないかを設定する</Description>
      <Maximum>1</Maximum>
    </Field>
    <Field Def="u8 clearSoul">
      <DisplayName>所持ソウルクリアするか</DisplayName>
      <Enum>SP_EFFECT_BOOL</Enum>
      <Description>所持ソウルが0になります。</Description>
      <Maximum>1</Maximum>
    </Field>
    <Field Def="dummy8 pad2[8]">
      <DisplayName>パディング２</DisplayName>
    </Field>
    <Field Def="f32 physicsDamageCutRate = 1">
      <DisplayName>防御側：物理ダメージ倍率</DisplayName>
      <Description>物理ダメージ倍率：算出したダメージに×○倍で補正をかける。１が通常。</Description>
      <Minimum>-99</Minimum>
      <Maximum>99</Maximum>
      <Increment>0.001</Increment>
    </Field>
    <Field Def="f32 magicDamageCutRate = 1">
      <DisplayName>防御側：魔法ダメージ倍率</DisplayName>
      <Description>魔法ダメージ倍率：算出したダメージに×○倍で補正をかける。１が通常。</Description>
      <Minimum>-99</Minimum>
      <Maximum>99</Maximum>
      <Increment>0.001</Increment>
    </Field>
    <Field Def="f32 fireDamageCutRate = 1">
      <DisplayName>防御側：炎ダメージ倍率</DisplayName>
      <Description>炎ダメージ倍率：算出したダメージに×○倍で補正をかける。１が通常。</Description>
      <Minimum>-99</Minimum>
      <Maximum>99</Maximum>
      <Increment>0.001</Increment>
    </Field>
    <Field Def="f32 physicsAttackRate = 1">
      <DisplayName>攻撃側：物理ダメージ倍率</DisplayName>
      <Description>物理ダメージ倍率：算出したダメージに×○倍で補正をかける。１が通常。</Description>
      <Minimum>-99</Minimum>
      <Maximum>99</Maximum>
      <Increment>0.001</Increment>
    </Field>
    <Field Def="f32 magicAttackRate = 1">
      <DisplayName>攻撃側：魔法ダメージ倍率</DisplayName>
      <Description>魔法ダメージ倍率：算出したダメージに×○倍で補正をかける。１が通常。</Description>
      <Minimum>-99</Minimum>
      <Maximum>99</Maximum>
      <Increment>0.001</Increment>
    </Field>
    <Field Def="f32 fireAttackRate = 1">
      <DisplayName>攻撃側：炎ダメージ倍率</DisplayName>
      <Description>炎ダメージ倍率：算出したダメージに×○倍で補正をかける。１が通常。</Description>
      <Minimum>-99</Minimum>
      <Maximum>99</Maximum>
      <Increment>0.001</Increment>
    </Field>
    <Field Def="f32 physicsAttackPowerRate = 1">
      <DisplayName>物理攻撃力倍率</DisplayName>
      <Description>物理攻撃力に設定した数値をかけます</Description>
      <Minimum>-99</Minimum>
      <Maximum>99</Maximum>
      <Increment>0.001</Increment>
    </Field>
    <Field Def="f32 magicAttackPowerRate = 1">
      <DisplayName>魔法攻撃力倍率</DisplayName>
      <Description>魔法攻撃力に設定した数値をかけます</Description>
      <Minimum>-99</Minimum>
      <Maximum>99</Maximum>
      <Increment>0.001</Increment>
    </Field>
    <Field Def="f32 fireAttackPowerRate = 1">
      <DisplayName>炎攻撃力倍率</DisplayName>
      <Description>炎攻撃力に設定した数値をかけます</Description>
      <Minimum>-99</Minimum>
      <Maximum>99</Maximum>
      <Increment>0.001</Increment>
    </Field>
    <Field Def="s32 physicsAttackPower">
      <DisplayName>物理攻撃力[point]</DisplayName>
      <Description>物理攻撃力に設定した数値を加減算する</Description>
      <Minimum>-9999</Minimum>
      <Maximum>9999</Maximum>
    </Field>
    <Field Def="s32 magicAttackPower">
      <DisplayName>魔法攻撃力[point]</DisplayName>
      <Description>魔法攻撃力に設定した数値を加減算する</Description>
      <Minimum>-9999</Minimum>
      <Maximum>9999</Maximum>
    </Field>
    <Field Def="s32 fireAttackPower">
      <DisplayName>炎攻撃力[point]</DisplayName>
      <Description>炎攻撃力に設定した数値を加減算する</Description>
      <Minimum>-9999</Minimum>
      <Maximum>9999</Maximum>
    </Field>
    <Field Def="f32 physicsDiffenceRate = 1">
      <DisplayName>物理防御力倍率</DisplayName>
      <Description>物理防御力に設定した数値をかけます</Description>
      <Minimum>-99</Minimum>
      <Maximum>99</Maximum>
      <Increment>0.001</Increment>
    </Field>
    <Field Def="f32 magicDiffenceRate = 1">
      <DisplayName>魔法防御力倍率</DisplayName>
      <Description>魔法防御力に設定した数値をかけます</Description>
      <Minimum>-99</Minimum>
      <Maximum>99</Maximum>
      <Increment>0.001</Increment>
    </Field>
    <Field Def="f32 fireDiffenceRate = 1">
      <DisplayName>炎防御力倍率</DisplayName>
      <Description>炎防御力に設定した数値をかけます</Description>
      <Minimum>-99</Minimum>
      <Maximum>99</Maximum>
      <Increment>0.001</Increment>
    </Field>
    <Field Def="s32 physicsDiffence">
      <DisplayName>物理防御力[point]</DisplayName>
      <Description>物理防御力に設定した数値を加減算する</Description>
      <Minimum>-9999</Minimum>
      <Maximum>9999</Maximum>
    </Field>
    <Field Def="s32 magicDiffence">
      <DisplayName>魔法防御力[point]</DisplayName>
      <Description>魔法防御力に設定した数値を加減算する</Description>
      <Minimum>-9999</Minimum>
      <Maximum>9999</Maximum>
    </Field>
    <Field Def="s32 fireDiffence">
      <DisplayName>炎防御力[point]</DisplayName>
      <Description>炎防御力に設定した数値を加減算する</Description>
      <Minimum>-9999</Minimum>
      <Maximum>9999</Maximum>
    </Field>
    <Field Def="f32 NoGuardDamageRate = 1">
      <DisplayName>隙ダメージ倍率</DisplayName>
      <Description>隙のときのダメージ倍率を、設定した数値に置き換える（ダメージ側に設定）</Description>
      <Minimum>-100</Minimum>
      <Maximum>100</Maximum>
    </Field>
    <Field Def="f32 vitalSpotChangeRate = -1">
      <DisplayName>スィートスポット倍率</DisplayName>
      <Description>スィートスポットのダメージ計算を指定した数値に差し替える(急所ダメージ補正) -1.0で無効</Description>
      <Minimum>-1</Minimum>
      <Maximum>99</Maximum>
      <Increment>0.001</Increment>
    </Field>
    <Field Def="f32 normalSpotChangeRate = -1">
      <DisplayName>ノーマルヒット倍率</DisplayName>
      <Description>ノーマルヒットのダメージ計算を指定した数値に差し替える  -1.0で無効</Description>
      <Minimum>-1</Minimum>
      <Maximum>99</Maximum>
      <Increment>0.001</Increment>
    </Field>
    <Field Def="f32 maxHpChangeRate">
      <DisplayName>最大HP変化倍率</DisplayName>
      <Description>最大HPに対して、設定された倍率をかけて増減させる</Description>
      <Minimum>0</Minimum>
      <Maximum>99</Maximum>
      <Increment>0.001</Increment>
    </Field>
    <Field Def="f32 changeHpRate">
      <DisplayName>HPダメージ量[%]</DisplayName>
      <Description>最大HPの何%分を毎秒加算（または減算）するかを設定</Description>
      <Minimum>-100</Minimum>
      <Maximum>100</Maximum>
      <Increment>0.1</Increment>
    </Field>
    <Field Def="s32 changeHpPoint">
      <DisplayName>HPダメージ[point]</DisplayName>
      <Description>1秒間に何ポイント加算（または減算）するかを設定</Description>
      <Minimum>-9999</Minimum>
      <Maximum>9999</Maximum>
    </Field>
    <Field Def="f32 changeMpRate">
      <DisplayName>MPダメージ量[%]</DisplayName>
      <Description>最大MPの何%分を毎秒加算（または減算）するかを設定</Description>
      <Minimum>-100</Minimum>
      <Maximum>100</Maximum>
      <Increment>0.1</Increment>
    </Field>
    <Field Def="s32 changeMpPoint">
      <DisplayName>MPダメージ[point]</DisplayName>
      <Description>1秒間に何ポイント加算（または減算）するかを設定</Description>
      <Minimum>-9999</Minimum>
      <Maximum>9999</Maximum>
    </Field>
    <Field Def="s32 mpRecoverChangeSpeed">
      <DisplayName>MP回復速度変化[point]</DisplayName>
      <Description>回復速度を変化させる。回復計算式の基準回復速度、初期回復速度に加減算する。</Description>
      <Minimum>-100</Minimum>
      <Maximum>100</Maximum>
    </Field>
    <Field Def="f32 changeStaminaRate">
      <DisplayName>スタミナダメージ量[%]</DisplayName>
      <Description>最大スタミナの何%分を毎秒加算（または減算）するかを設定</Description>
      <Minimum>-100</Minimum>
      <Maximum>100</Maximum>
      <Increment>1</Increment>
    </Field>
    <Field Def="s32 changeStaminaPoint">
      <DisplayName>スタミナダメージ[point]</DisplayName>
      <Description>1秒間に何ポイント加算（または減算）するかを設定</Description>
      <Minimum>-9999</Minimum>
      <Maximum>9999</Maximum>
    </Field>
    <Field Def="s32 staminaRecoverChangeSpeed">
      <DisplayName>スタミナ回復速度変化[point]</DisplayName>
      <Description>回復速度を変化させる。回復計算式の基準回復速度、初期回復速度に加減算する。</Description>
      <Minimum>-100</Minimum>
      <Maximum>100</Maximum>
    </Field>
    <Field Def="f32 magicEffectTimeChange">
      <DisplayName>魔法効果時間変化</DisplayName>
      <Description>効果持続時間に0.1秒以上設定されている魔法のみ、効果持続時間に設定されている時間を加減算する</Description>
      <Minimum>-999</Minimum>
      <Maximum>999</Maximum>
      <Increment>0.1</Increment>
    </Field>
    <Field Def="s32 insideDurability">
      <DisplayName>耐久度変化：内部損耗度[point]</DisplayName>
      <Description>内部損耗度に数値分を加減算する</Description>
      <Minimum>-999</Minimum>
      <Maximum>999</Maximum>
    </Field>
    <Field Def="s32 maxDurability">
      <DisplayName>耐久度変化：最大損耗度変化[point]</DisplayName>
      <Description>耐久度の内部損耗度の最大値に、設定された数値を加算する</Description>
      <Minimum>0</Minimum>
      <Maximum>999</Maximum>
    </Field>
    <Field Def="f32 staminaAttackRate = 1">
      <DisplayName>スタミナ攻撃力倍率</DisplayName>
      <Description>スタミナ攻撃力に、倍率をかける(1.0 1倍 0.5 半分）</Description>
      <Minimum>0</Minimum>
      <Maximum>99</Maximum>
      <Increment>0.1</Increment>
    </Field>
    <Field Def="dummy8 pad4[12]">
      <DisplayName>パディング４</DisplayName>
    </Field>
    <Field Def="s32 poizonAttackPower">
      <DisplayName>毒耐性攻撃力[point]</DisplayName>
      <Description>ヒットした時に、対象の【毒耐性値】に加算する数値</Description>
      <Minimum>0</Minimum>
      <Maximum>999</Maximum>
    </Field>
    <Field Def="s32 registIllness">
      <DisplayName>疫病耐性攻撃力[point]</DisplayName>
      <Description>ヒットした時に、対象の【疫病耐性値】に加算する数値</Description>
      <Minimum>0</Minimum>
      <Maximum>999</Maximum>
    </Field>
    <Field Def="s32 registBlood">
      <DisplayName>出血耐性攻撃力[point]</DisplayName>
      <Description>ヒットした時に、対象の【出血耐性値】に加算する数値</Description>
      <Minimum>0</Minimum>
      <Maximum>999</Maximum>
    </Field>
    <Field Def="f32 fallDamageRate">
      <DisplayName>落下ダメージ倍率</DisplayName>
      <Description>落下時のダメージ計算に倍率をかける</Description>
      <Minimum>0</Minimum>
      <Maximum>99</Maximum>
      <Increment>0.001</Increment>
    </Field>
    <Field Def="f32 soulRate">
      <DisplayName>取得ソウル倍率</DisplayName>
      <Description>敵を倒した時の取得ソウル量が、指定倍数分上乗せされる</Description>
      <Minimum>0</Minimum>
      <Maximum>99</Maximum>
      <Increment>0.001</Increment>
    </Field>
    <Field Def="f32 equipWeightChangeRate">
      <DisplayName>装備重量変化倍率</DisplayName>
      <Description>最大装備重量に、設定された倍率をかける</Description>
      <Minimum>0</Minimum>
      <Maximum>99</Maximum>
      <Increment>0.001</Increment>
    </Field>
    <Field Def="f32 allItemWeightChangeRate">
      <DisplayName>所持重量変化倍率</DisplayName>
      <Description>最大所持重量に、設定された倍率をかける</Description>
      <Minimum>0</Minimum>
      <Maximum>99</Maximum>
      <Increment>0.001</Increment>
    </Field>
    <Field Def="s32 soul">
      <DisplayName>ソウル加算</DisplayName>
      <Description>所持ソウルに、設定値を加算する</Description>
      <Minimum>-1E+08</Minimum>
      <Maximum>1E+08</Maximum>
    </Field>
    <Field Def="f32 haveSoulRate = 1">
      <DisplayName>所持ソウル率</DisplayName>
      <Description>敵周回効果用。設定されているキャラから外にソウルが出て行く時に適用されます。</Description>
      <Minimum>0</Minimum>
      <Maximum>99</Maximum>
    </Field>
    <Field Def="f32 targetPriority">
      <DisplayName>ターゲット優先度加算分</DisplayName>
      <Description>マルチプレイ時、敵から優先的にターゲットとして狙われるようになる。プライオリティの加算。０がデフォルト。プラス値でよく狙われるようになる。マイナスは、－１まで。</Description>
      <Minimum>-1</Minimum>
      <Maximum>10</Maximum>
    </Field>
    <Field Def="s32 sightSearchEnemyCut">
      <DisplayName>視覚索敵カット</DisplayName>
      <Description>AIの視覚索敵対象から外れやすくなる。０がデフォルト。</Description>
      <Minimum>0</Minimum>
      <Maximum>100</Maximum>
    </Field>
    <Field Def="s32 hearingSearchEnemyCut">
      <DisplayName>聴覚索敵カット</DisplayName>
      <Description>AIの聴覚索敵対象から外れやすくなる。０がデフォルト。</Description>
      <Minimum>0</Minimum>
      <Maximum>100</Maximum>
    </Field>
    <Field Def="u8 requestSOS">
      <DisplayName>SOSサイン　判定フラグ</DisplayName>
      <Enum>SP_EFFECT_BOOL</Enum>
      <Description>チェックが付いている場合、発動時にSOSサイン要求を発行</Description>
      <Maximum>1</Maximum>
    </Field>
    <Field Def="u8 requestBlackSOS">
      <DisplayName>ブラックSOSサイン　判定フラグ</DisplayName>
      <Enum>SP_EFFECT_BOOL</Enum>
      <Description>チェックが付いている場合、発動時にブラックSOSサイン要求を発行</Description>
      <Maximum>1</Maximum>
    </Field>
    <Field Def="u8 requestForceJoinBlackSOS">
      <DisplayName>ブラック強制参加SOSサイン　判定フラグ</DisplayName>
      <Enum>SP_EFFECT_BOOL</Enum>
      <Description>チェックが付いている場合、発動時にブラック強制参加SOSサイン要求を発行</Description>
      <Maximum>1</Maximum>
    </Field>
    <Field Def="u8 requestKickSession">
      <DisplayName>キック　判定フラグ</DisplayName>
      <Enum>SP_EFFECT_BOOL</Enum>
      <Description>チェックが付いている場合、発動時にキック要求を発行</Description>
      <Maximum>1</Maximum>
    </Field>
    <Field Def="u8 requestLeaveSession">
      <DisplayName>退出　判定フラグ</DisplayName>
      <Enum>SP_EFFECT_BOOL</Enum>
      <Description>チェックが付いている場合、発動時に退出要求を発行</Description>
      <Maximum>1</Maximum>
    </Field>
    <Field Def="u8 noDead">
      <DisplayName>成仏不可　判定フラグ</DisplayName>
      <Enum>SP_EFFECT_BOOL</Enum>
      <Description>死体状態になれるかどうか。このチェックが付いていると、死亡状態にならない</Description>
      <Maximum>1</Maximum>
    </Field>
    <Field Def="u8 bCurrHPIndependeMaxHP">
      <DisplayName>最大HPが増減しても、現在HPは影響しないか？</DisplayName>
      <Enum>SP_EFFECT_BOOL</Enum>
      <Description>最大HPが増減しても、現在HPは影響しないか？</Description>
      <Maximum>1</Maximum>
    </Field>
    <Field Def="u8 changeMagicSlot">
      <DisplayName>魔法登録枠変化　魔法スロット</DisplayName>
      <Description>魔法登録枠を指定数増やすことが出来る</Description>
      <Maximum>3</Maximum>
    </Field>
    <Field Def="u8 changeMiracleSlot">
      <DisplayName>奇跡登録枠変化　奇跡スロット</DisplayName>
      <Description>軌跡登録枠を指定数増やすことが出来る</Description>
      <Maximum>3</Maximum>
    </Field>
    <Field Def="u8 moveType">
      <DisplayName>移動タイプ</DisplayName>
      <Enum>SP_EFFECT_MOVE_TYPE</Enum>
      <Description>移動タイプ。移動速度を変更する。</Description>
    </Field>
    <Field Def="dummy8 pad5[2]">
      <DisplayName>パディング５</DisplayName>
    </Field>
    <Field Def="f32 registPoizonChangeRate">
      <DisplayName>毒耐性変化倍率</DisplayName>
      <Description>毒耐性値に設定された倍率をかける</Description>
      <Minimum>-1</Minimum>
      <Maximum>99</Maximum>
      <Increment>0.001</Increment>
    </Field>
    <Field Def="f32 registIllnessChangeRate">
      <DisplayName>疫病耐性変化倍率</DisplayName>
      <Description>疫病耐性値に設定された倍率をかける</Description>
      <Minimum>-1</Minimum>
      <Maximum>99</Maximum>
      <Increment>0.001</Increment>
    </Field>
    <Field Def="f32 registBloodChangeRate">
      <DisplayName>出血耐性変化倍率</DisplayName>
      <Description>出血耐性値に設定された倍率をかける</Description>
      <Minimum>-1</Minimum>
      <Maximum>99</Maximum>
      <Increment>0.001</Increment>
    </Field>
    <Field Def="f32 soulStealRate">
      <DisplayName>ソウルスティール係数</DisplayName>
      <Description>NPCがソウルスティールで奪われるHPに対する防御力</Description>
      <Minimum>0</Minimum>
      <Maximum>99</Maximum>
      <Increment>0.001</Increment>
    </Field>
    <Field Def="u8 corrosionIgnore">
      <DisplayName>腐食無視</DisplayName>
      <Enum>SP_EFFECT_BOOL</Enum>
      <Description>【状態変化タイプ】が【腐食】による【耐久度】減少を無視する</Description>
      <Maximum>1</Maximum>
    </Field>
    <Field Def="u8 sightSearchCutIgnore">
      <DisplayName>視覚索敵カット無視</DisplayName>
      <Enum>SP_EFFECT_BOOL</Enum>
      <Description>視覚索敵無効を無視する</Description>
      <Maximum>1</Maximum>
    </Field>
    <Field Def="u8 hearingSearchCutIgnore">
      <DisplayName>聴覚索敵カット無視</DisplayName>
      <Enum>SP_EFFECT_BOOL</Enum>
      <Description>聴覚索敵無効を無視する</Description>
      <Maximum>1</Maximum>
    </Field>
    <Field Def="u8 antiMagicIgnore">
      <DisplayName>アンチマジック無効</DisplayName>
      <Enum>SP_EFFECT_BOOL</Enum>
      <Description>アンチマジック範囲でも魔法を使用できる</Description>
      <Maximum>1</Maximum>
    </Field>
    <Field Def="u8 forgedTargetIgnore">
      <DisplayName>偽ターゲット無効</DisplayName>
      <Enum>SP_EFFECT_BOOL</Enum>
      <Description>発生した偽ターゲットに引っかからなくなる</Description>
      <Maximum>1</Maximum>
    </Field>
    <Field Def="dummy8 pad11[2]">
      <DisplayName>予約</DisplayName>
    </Field>
    <Field Def="u8 lifeReductionType">
      <DisplayName>防御：寿命減少タイプ</DisplayName>
      <Enum>SP_EFFECT_TYPE</Enum>
    </Field>
    <Field Def="f32 lifeReductionRate">
      <DisplayName>防御：寿命係数</DisplayName>
      <Minimum>0</Minimum>
      <Maximum>99</Maximum>
      <Increment>0.001</Increment>
    </Field>
    <Field Def="f32 hpRecoverRate">
      <DisplayName>HP回復量係数</DisplayName>
      <Description>HPが減るときは、効かない。</Description>
      <Minimum>0</Minimum>
      <Maximum>99</Maximum>
      <Increment>0.001</Increment>
    </Field>
    <Field Def="u8 disablePoison">
      <DisplayName>毒無効</DisplayName>
      <Enum>SP_EFFECT_BOOL</Enum>
      <Description>この効果がかかっていると毒にかからなくなる</Description>
      <Maximum>1</Maximum>
    </Field>
    <Field Def="u8 disableDisease">
      <DisplayName>疫病無効</DisplayName>
      <Enum>SP_EFFECT_BOOL</Enum>
      <Description>この効果がかかっていると疫病にかからなくなる</Description>
      <Maximum>1</Maximum>
    </Field>
    <Field Def="u8 disableBlood">
      <DisplayName>出血無効</DisplayName>
      <Enum>SP_EFFECT_BOOL</Enum>
      <Description>この効果がかかっていると出血にかからなくなる</Description>
      <Maximum>1</Maximum>
    </Field>
    <Field Def="dummy8 pad7[1]">
      <DisplayName>予約</DisplayName>
    </Field>
    <Field Def="s16 priority">
      <DisplayName>優先度</DisplayName>
      <Minimum>-1</Minimum>
      <Maximum>999</Maximum>
    </Field>
    <Field Def="u8 category">
      <DisplayName>カテゴリ</DisplayName>
      <Enum>SP_CATEGORY</Enum>
      <Maximum>5</Maximum>
    </Field>
    <Field Def="dummy8 pad6[81]">
      <DisplayName>パディング６</DisplayName>
    </Field>
  </Fields>
</PARAMDEF>