﻿<?xml version="1.0" encoding="utf-8"?>
<PARAMDEF XmlVersion="1">
  <ParamType>TALK_PARAM_ST</ParamType>
  <DataVersion>1</DataVersion>
  <BigEndian>True</BigEndian>
  <Unicode>False</Unicode>
  <FormatVersion>102</FormatVersion>
  <Fields>
    <Field Def="s32 msgId = -1">
      <DisplayName>メッセージID</DisplayName>
      <Description>メッセージを指定-&gt;メニュー</Description>
      <Minimum>-1</Minimum>
      <Maximum>4.2949673E+09</Maximum>
    </Field>
    <Field Def="s32 voiceId = -1">
      <DisplayName>ボイスID</DisplayName>
      <Description>ボイスを指定-&gt;サウンド</Description>
      <Minimum>-1</Minimum>
      <Maximum>4.2949673E+09</Maximum>
    </Field>
    <Field Def="s32 motionId = -1">
      <DisplayName>モーションID</DisplayName>
      <Description>モーションを指定-&gt;キャラ</Description>
      <Minimum>-1</Minimum>
      <Maximum>4.2949673E+09</Maximum>
    </Field>
    <Field Def="s32 returnPos = -1">
      <DisplayName>復帰位置</DisplayName>
      <Description>復帰する会話の相対位置-&gt;会話</Description>
      <Minimum>-1</Minimum>
      <Maximum>4.2949673E+09</Maximum>
    </Field>
    <Field Def="s32 reactionId = -1">
      <DisplayName>リアクションID</DisplayName>
      <Description>復帰時の会話指定-&gt;会話</Description>
      <Minimum>-1</Minimum>
      <Maximum>4.2949673E+09</Maximum>
    </Field>
    <Field Def="s32 eventId = -1">
      <DisplayName>イベントID</DisplayName>
      <Description>イベントID-&gt;イベント</Description>
      <Minimum>-1</Minimum>
      <Maximum>4.2949673E+09</Maximum>
    </Field>
    <Field Def="u8 isMotionLoop">
      <DisplayName>モーションループ有効</DisplayName>
      <Description>モーションループするか？</Description>
      <Maximum>1</Maximum>
    </Field>
    <Field Def="dummy8 pad0[7]">
      <DisplayName>dummy</DisplayName>
      <Description>padding</Description>
    </Field>
  </Fields>
</PARAMDEF>