﻿<?xml version="1.0" encoding="utf-8"?>
<PARAMDEF XmlVersion="1">
  <ParamType>LOCK_CAM_PARAM_ST</ParamType>
  <DataVersion>1</DataVersion>
  <BigEndian>False</BigEndian>
  <Unicode>False</Unicode>
  <FormatVersion>104</FormatVersion>
  <Fields>
    <Field Def="f32 camDistTarget = 4">
      <DisplayName>カメラ距離目標[m]</DisplayName>
      <Description>カメラ用</Description>
      <DisplayFormat>%0.3f</DisplayFormat>
      <EditFlags>None</EditFlags>
      <Minimum>0.1</Minimum>
      <Maximum>100</Maximum>
      <SortID>1</SortID>
    </Field>
    <Field Def="f32 rotRangeMinX = -40">
      <DisplayName>X軸回転最小値[deg]</DisplayName>
      <Description>カメラ用</Description>
      <DisplayFormat>%0.3f</DisplayFormat>
      <EditFlags>None</EditFlags>
      <Minimum>-80</Minimum>
      <Maximum>80</Maximum>
      <Increment>0.1</Increment>
      <SortID>2</SortID>
    </Field>
    <Field Def="f32 lockRotXShiftRatio = 0.6">
      <DisplayName>ロックX回転シフト率(0.0～1.0)</DisplayName>
      <Description>カメラ用</Description>
      <DisplayFormat>%0.3f</DisplayFormat>
      <EditFlags>None</EditFlags>
      <Minimum>0</Minimum>
      <Maximum>1</Maximum>
      <SortID>3</SortID>
    </Field>
    <Field Def="f32 chrOrgOffset_Y = 1.42">
      <DisplayName>キャラ基点オフセット(キャラ空間)</DisplayName>
      <Description>カメラ用</Description>
      <DisplayFormat>%0.3f</DisplayFormat>
      <EditFlags>None</EditFlags>
      <Minimum>-10</Minimum>
      <Maximum>10</Maximum>
      <SortID>4</SortID>
    </Field>
    <Field Def="f32 chrLockRangeMaxRadius = 15">
      <DisplayName>キャラ範囲最大半径[m]</DisplayName>
      <Description>ロック用</Description>
      <DisplayFormat>%0.3f</DisplayFormat>
      <EditFlags>None</EditFlags>
      <Minimum>0</Minimum>
      <Maximum>30</Maximum>
      <SortID>5</SortID>
    </Field>
    <Field Def="f32 camFovY = 43">
      <DisplayName>縦画角[deg]</DisplayName>
      <Description>カメラ用</Description>
      <DisplayFormat>%0.3f</DisplayFormat>
      <EditFlags>None</EditFlags>
      <Minimum>38</Minimum>
      <Maximum>48</Maximum>
      <Increment>0.1</Increment>
      <SortID>6</SortID>
    </Field>
    <Field Def="dummy8 pad[8] = 15">
      <DisplayName>パディング</DisplayName>
      <DisplayFormat>%0.3f</DisplayFormat>
      <Maximum>30</Maximum>
      <Increment>0.01</Increment>
      <SortID>8</SortID>
    </Field>
  </Fields>
</PARAMDEF>