﻿<?xml version="1.0" encoding="utf-8"?>
<PARAMDEF XmlVersion="1">
  <ParamType>MENU_PARAM_COLOR_TABLE_ST</ParamType>
  <DataVersion>1</DataVersion>
  <BigEndian>False</BigEndian>
  <Unicode>False</Unicode>
  <FormatVersion>104</FormatVersion>
  <Fields>
    <Field Def="u8 r = 255">
      <DisplayName>赤色</DisplayName>
      <Description>カラーテーブルの赤色</Description>
      <SortID>1</SortID>
    </Field>
    <Field Def="u8 g = 255">
      <DisplayName>緑色</DisplayName>
      <Description>カラーテーブルの緑</Description>
      <SortID>2</SortID>
    </Field>
    <Field Def="u8 b = 255">
      <DisplayName>青色</DisplayName>
      <Description>カラーテーブルの青</Description>
      <SortID>3</SortID>
    </Field>
    <Field Def="u8 a = 255">
      <DisplayName>アルファ</DisplayName>
      <Description>カラーテーブルのアルファ</Description>
      <SortID>4</SortID>
    </Field>
  </Fields>
</PARAMDEF>